metric,mean,std,ci_low,ci_high,n_rep
E[w],0.011631398498268995,0.0002557493627153293,0.011336084571451454,0.011926712425086536,3
E[R],0.550602948206063,0.0032122652255413384,0.5468937438207135,0.5543121525914125,3
